date,company,ticker,sector,topic,headline,source
2025-12-31,Nvidia,NVDA,Semiconductors,market volatility,Nvidia releases report as market volatility remains in focus,Bloomberg-style sample
2025-12-31,Apple,AAPL,Technology,supply chain,Apple releases report as supply chain remains in focus,Financial Times sample
2025-12-31,Amazon,AMZN,Consumer Discretionary,credit risk,Amazon beats expectations as credit risk remains in focus,Reuters sample
2025-12-31,JPMorgan,JPM,Financials,regulation,JPMorgan margin expansion as regulation remains in focus,Bloomberg-style sample
2025-12-31,Amazon,AMZN,Consumer Discretionary,earnings,Amazon raises outlook as earnings remains in focus,Reuters sample
2025-12-31,BlackRock,BLK,Asset Management,credit risk,BlackRock strong demand as credit risk remains in focus,Reuters sample
2026-01-01,Amazon,AMZN,Consumer Discretionary,regulation,Amazon announces update as regulation remains in focus,Financial Times sample
2026-01-01,Goldman Sachs,GS,Financials,supply chain,Goldman Sachs margin expansion as supply chain remains in focus,Bloomberg-style sample
2026-01-01,Nvidia,NVDA,Semiconductors,credit risk,Nvidia margin expansion as credit risk remains in focus,MarketWatch sample
2026-01-01,Tesla,TSLA,Consumer Discretionary,interest rates,Tesla weak guidance as interest rates remains in focus,Bloomberg-style sample
2026-01-01,BlackRock,BLK,Asset Management,regulation,BlackRock record revenue as regulation remains in focus,Financial Times sample
2026-01-02,JPMorgan,JPM,Financials,supply chain,JPMorgan margin pressure as supply chain remains in focus,Reuters sample
2026-01-02,Microsoft,MSFT,Technology,market volatility,Microsoft record revenue as market volatility remains in focus,Financial Times sample
2026-01-03,Goldman Sachs,GS,Financials,supply chain,Goldman Sachs regulatory probe as supply chain remains in focus,MarketWatch sample
2026-01-03,JPMorgan,JPM,Financials,regulation,JPMorgan releases report as regulation remains in focus,MarketWatch sample
2026-01-04,BlackRock,BLK,Asset Management,regulation,BlackRock margin pressure as regulation remains in focus,MarketWatch sample
2026-01-04,Goldman Sachs,GS,Financials,AI,Goldman Sachs releases report as AI remains in focus,Bloomberg-style sample
2026-01-04,Amazon,AMZN,Consumer Discretionary,M&A,Amazon downgrade as M&A remains in focus,MarketWatch sample
2026-01-04,JPMorgan,JPM,Financials,AI,JPMorgan regulatory probe as AI remains in focus,Reuters sample
2026-01-06,Amazon,AMZN,Consumer Discretionary,M&A,Amazon hosts investor day as M&A remains in focus,Reuters sample
2026-01-06,Goldman Sachs,GS,Financials,supply chain,Goldman Sachs comments on market conditions as supply chain remains in focus,Reuters sample
2026-01-06,Tesla,TSLA,Consumer Discretionary,credit risk,Tesla releases report as credit risk remains in focus,MarketWatch sample
2026-01-06,Goldman Sachs,GS,Financials,M&A,Goldman Sachs raises outlook as M&A remains in focus,Reuters sample
2026-01-06,Amazon,AMZN,Consumer Discretionary,interest rates,Amazon weak guidance as interest rates remains in focus,Reuters sample
2026-01-07,Tesla,TSLA,Consumer Discretionary,supply chain,Tesla announces update as supply chain remains in focus,Financial Times sample
2026-01-07,Goldman Sachs,GS,Financials,earnings,Goldman Sachs misses estimates as earnings remains in focus,Reuters sample
2026-01-08,BlackRock,BLK,Asset Management,AI,BlackRock releases report as AI remains in focus,MarketWatch sample
2026-01-09,Nvidia,NVDA,Semiconductors,credit risk,Nvidia beats expectations as credit risk remains in focus,Reuters sample
2026-01-09,Nvidia,NVDA,Semiconductors,AI,Nvidia beats expectations as AI remains in focus,Financial Times sample
2026-01-09,Nvidia,NVDA,Semiconductors,earnings,Nvidia regulatory probe as earnings remains in focus,Reuters sample
2026-01-09,Microsoft,MSFT,Technology,market volatility,Microsoft margin expansion as market volatility remains in focus,Financial Times sample
2026-01-09,Tesla,TSLA,Consumer Discretionary,interest rates,Tesla comments on market conditions as interest rates remains in focus,MarketWatch sample
2026-01-10,Microsoft,MSFT,Technology,regulation,Microsoft record revenue as regulation remains in focus,Bloomberg-style sample
2026-01-10,JPMorgan,JPM,Financials,credit risk,JPMorgan hosts investor day as credit risk remains in focus,Bloomberg-style sample
2026-01-10,Tesla,TSLA,Consumer Discretionary,interest rates,Tesla strong demand as interest rates remains in focus,Reuters sample
2026-01-10,Goldman Sachs,GS,Financials,market volatility,Goldman Sachs announces update as market volatility remains in focus,Bloomberg-style sample
2026-01-11,Nvidia,NVDA,Semiconductors,interest rates,Nvidia releases report as interest rates remains in focus,Reuters sample
2026-01-11,Tesla,TSLA,Consumer Discretionary,supply chain,Tesla raises outlook as supply chain remains in focus,MarketWatch sample
2026-01-12,Amazon,AMZN,Consumer Discretionary,interest rates,Amazon raises outlook as interest rates remains in focus,Bloomberg-style sample
2026-01-12,Nvidia,NVDA,Semiconductors,M&A,Nvidia reviews strategy as M&A remains in focus,Financial Times sample
2026-01-13,Nvidia,NVDA,Semiconductors,interest rates,Nvidia raises outlook as interest rates remains in focus,MarketWatch sample
2026-01-14,Goldman Sachs,GS,Financials,interest rates,Goldman Sachs record revenue as interest rates remains in focus,Financial Times sample
2026-01-14,Tesla,TSLA,Consumer Discretionary,M&A,Tesla weak guidance as M&A remains in focus,Bloomberg-style sample
2026-01-15,Goldman Sachs,GS,Financials,supply chain,Goldman Sachs layoffs as supply chain remains in focus,Financial Times sample
2026-01-15,BlackRock,BLK,Asset Management,earnings,BlackRock margin pressure as earnings remains in focus,Bloomberg-style sample
2026-01-16,Nvidia,NVDA,Semiconductors,credit risk,Nvidia weak guidance as credit risk remains in focus,Bloomberg-style sample
2026-01-16,BlackRock,BLK,Asset Management,M&A,BlackRock strong demand as M&A remains in focus,Bloomberg-style sample
2026-01-16,Apple,AAPL,Technology,M&A,Apple beats expectations as M&A remains in focus,MarketWatch sample
2026-01-16,Goldman Sachs,GS,Financials,supply chain,Goldman Sachs beats expectations as supply chain remains in focus,Financial Times sample
2026-01-16,Microsoft,MSFT,Technology,AI,Microsoft announces update as AI remains in focus,MarketWatch sample
2026-01-17,Goldman Sachs,GS,Financials,interest rates,Goldman Sachs strategic partnership as interest rates remains in focus,Bloomberg-style sample
2026-01-18,Apple,AAPL,Technology,AI,Apple downgrade as AI remains in focus,Reuters sample
2026-01-18,Goldman Sachs,GS,Financials,market volatility,Goldman Sachs announces update as market volatility remains in focus,Reuters sample
2026-01-18,Microsoft,MSFT,Technology,AI,Microsoft record revenue as AI remains in focus,Reuters sample
2026-01-19,BlackRock,BLK,Asset Management,AI,BlackRock announces update as AI remains in focus,Bloomberg-style sample
2026-01-19,BlackRock,BLK,Asset Management,M&A,BlackRock record revenue as M&A remains in focus,Bloomberg-style sample
2026-01-20,Tesla,TSLA,Consumer Discretionary,M&A,Tesla regulatory probe as M&A remains in focus,MarketWatch sample
2026-01-20,Microsoft,MSFT,Technology,AI,Microsoft strong demand as AI remains in focus,Bloomberg-style sample
2026-01-20,Tesla,TSLA,Consumer Discretionary,supply chain,Tesla strategic partnership as supply chain remains in focus,Reuters sample
2026-01-21,Amazon,AMZN,Consumer Discretionary,market volatility,Amazon strong demand as market volatility remains in focus,Bloomberg-style sample
2026-01-22,Apple,AAPL,Technology,AI,Apple downgrade as AI remains in focus,Reuters sample
2026-01-22,Nvidia,NVDA,Semiconductors,credit risk,Nvidia beats expectations as credit risk remains in focus,MarketWatch sample
2026-01-22,Apple,AAPL,Technology,interest rates,Apple comments on market conditions as interest rates remains in focus,Reuters sample
2026-01-22,JPMorgan,JPM,Financials,earnings,JPMorgan beats expectations as earnings remains in focus,Bloomberg-style sample
2026-01-22,BlackRock,BLK,Asset Management,M&A,BlackRock margin pressure as M&A remains in focus,MarketWatch sample
2026-01-22,Goldman Sachs,GS,Financials,M&A,Goldman Sachs weak guidance as M&A remains in focus,Bloomberg-style sample
2026-01-23,Goldman Sachs,GS,Financials,earnings,Goldman Sachs strong demand as earnings remains in focus,Reuters sample
2026-01-23,Microsoft,MSFT,Technology,market volatility,Microsoft misses estimates as market volatility remains in focus,Bloomberg-style sample
2026-01-23,Tesla,TSLA,Consumer Discretionary,earnings,Tesla weak guidance as earnings remains in focus,Reuters sample
2026-01-24,JPMorgan,JPM,Financials,M&A,JPMorgan beats expectations as M&A remains in focus,MarketWatch sample
2026-01-24,Amazon,AMZN,Consumer Discretionary,market volatility,Amazon raises outlook as market volatility remains in focus,Reuters sample
2026-01-25,Nvidia,NVDA,Semiconductors,AI,Nvidia layoffs as AI remains in focus,MarketWatch sample
2026-01-25,Tesla,TSLA,Consumer Discretionary,earnings,Tesla layoffs as earnings remains in focus,Financial Times sample
2026-01-25,Nvidia,NVDA,Semiconductors,supply chain,Nvidia strong demand as supply chain remains in focus,Bloomberg-style sample
2026-01-25,Microsoft,MSFT,Technology,M&A,Microsoft regulatory probe as M&A remains in focus,Bloomberg-style sample
2026-01-25,Goldman Sachs,GS,Financials,interest rates,Goldman Sachs misses estimates as interest rates remains in focus,Reuters sample
2026-01-26,BlackRock,BLK,Asset Management,market volatility,BlackRock beats expectations as market volatility remains in focus,Reuters sample
2026-01-26,Microsoft,MSFT,Technology,interest rates,Microsoft hosts investor day as interest rates remains in focus,Bloomberg-style sample
2026-01-26,Tesla,TSLA,Consumer Discretionary,AI,Tesla layoffs as AI remains in focus,MarketWatch sample
2026-01-26,Tesla,TSLA,Consumer Discretionary,interest rates,Tesla regulatory probe as interest rates remains in focus,Bloomberg-style sample
2026-01-27,JPMorgan,JPM,Financials,interest rates,JPMorgan strong demand as interest rates remains in focus,Financial Times sample
2026-01-28,BlackRock,BLK,Asset Management,AI,BlackRock reviews strategy as AI remains in focus,Reuters sample
2026-01-28,Amazon,AMZN,Consumer Discretionary,earnings,Amazon comments on market conditions as earnings remains in focus,Bloomberg-style sample
2026-01-28,Tesla,TSLA,Consumer Discretionary,regulation,Tesla raises outlook as regulation remains in focus,MarketWatch sample
2026-01-29,Goldman Sachs,GS,Financials,regulation,Goldman Sachs strong demand as regulation remains in focus,Reuters sample
2026-01-29,Microsoft,MSFT,Technology,supply chain,Microsoft layoffs as supply chain remains in focus,Financial Times sample
2026-01-29,Nvidia,NVDA,Semiconductors,earnings,Nvidia downgrade as earnings remains in focus,Bloomberg-style sample
2026-01-29,Nvidia,NVDA,Semiconductors,credit risk,Nvidia comments on market conditions as credit risk remains in focus,MarketWatch sample
2026-01-29,Apple,AAPL,Technology,market volatility,Apple layoffs as market volatility remains in focus,Financial Times sample
2026-01-29,Amazon,AMZN,Consumer Discretionary,M&A,Amazon releases report as M&A remains in focus,MarketWatch sample
2026-01-30,Apple,AAPL,Technology,interest rates,Apple raises outlook as interest rates remains in focus,Bloomberg-style sample
2026-01-30,Nvidia,NVDA,Semiconductors,credit risk,Nvidia announces update as credit risk remains in focus,Financial Times sample
2026-01-30,BlackRock,BLK,Asset Management,AI,BlackRock misses estimates as AI remains in focus,MarketWatch sample
2026-01-31,Apple,AAPL,Technology,interest rates,Apple strong demand as interest rates remains in focus,Reuters sample
2026-01-31,Tesla,TSLA,Consumer Discretionary,regulation,Tesla misses estimates as regulation remains in focus,Financial Times sample
2026-01-31,BlackRock,BLK,Asset Management,AI,BlackRock margin pressure as AI remains in focus,MarketWatch sample
2026-02-01,Goldman Sachs,GS,Financials,M&A,Goldman Sachs hosts investor day as M&A remains in focus,Reuters sample
2026-02-01,Apple,AAPL,Technology,market volatility,Apple strong demand as market volatility remains in focus,MarketWatch sample
2026-02-02,Amazon,AMZN,Consumer Discretionary,AI,Amazon strategic partnership as AI remains in focus,MarketWatch sample
2026-02-02,BlackRock,BLK,Asset Management,M&A,BlackRock releases report as M&A remains in focus,Bloomberg-style sample
2026-02-03,JPMorgan,JPM,Financials,regulation,JPMorgan raises outlook as regulation remains in focus,Financial Times sample
2026-02-03,Amazon,AMZN,Consumer Discretionary,credit risk,Amazon layoffs as credit risk remains in focus,MarketWatch sample
2026-02-03,Goldman Sachs,GS,Financials,credit risk,Goldman Sachs strategic partnership as credit risk remains in focus,Bloomberg-style sample
2026-02-03,Amazon,AMZN,Consumer Discretionary,AI,Amazon reviews strategy as AI remains in focus,Reuters sample
2026-02-03,JPMorgan,JPM,Financials,regulation,JPMorgan misses estimates as regulation remains in focus,Reuters sample
2026-02-04,Amazon,AMZN,Consumer Discretionary,market volatility,Amazon raises outlook as market volatility remains in focus,Financial Times sample
2026-02-04,Amazon,AMZN,Consumer Discretionary,regulation,Amazon beats expectations as regulation remains in focus,Reuters sample
2026-02-04,Goldman Sachs,GS,Financials,M&A,Goldman Sachs misses estimates as M&A remains in focus,MarketWatch sample
2026-02-04,Amazon,AMZN,Consumer Discretionary,supply chain,Amazon announces update as supply chain remains in focus,MarketWatch sample
2026-02-04,Amazon,AMZN,Consumer Discretionary,regulation,Amazon layoffs as regulation remains in focus,MarketWatch sample
2026-02-05,Apple,AAPL,Technology,AI,Apple strong demand as AI remains in focus,Bloomberg-style sample
2026-02-05,Nvidia,NVDA,Semiconductors,credit risk,Nvidia weak guidance as credit risk remains in focus,Financial Times sample
2026-02-05,Apple,AAPL,Technology,AI,Apple misses estimates as AI remains in focus,Bloomberg-style sample
2026-02-05,Microsoft,MSFT,Technology,earnings,Microsoft margin expansion as earnings remains in focus,Bloomberg-style sample
2026-02-06,Tesla,TSLA,Consumer Discretionary,supply chain,Tesla reviews strategy as supply chain remains in focus,MarketWatch sample
2026-02-06,Tesla,TSLA,Consumer Discretionary,earnings,Tesla weak guidance as earnings remains in focus,Bloomberg-style sample
2026-02-06,Tesla,TSLA,Consumer Discretionary,M&A,Tesla announces update as M&A remains in focus,MarketWatch sample
2026-02-07,JPMorgan,JPM,Financials,regulation,JPMorgan misses estimates as regulation remains in focus,Financial Times sample
2026-02-08,BlackRock,BLK,Asset Management,interest rates,BlackRock strong demand as interest rates remains in focus,Bloomberg-style sample
2026-02-09,Nvidia,NVDA,Semiconductors,earnings,Nvidia reviews strategy as earnings remains in focus,Financial Times sample
2026-02-09,BlackRock,BLK,Asset Management,supply chain,BlackRock hosts investor day as supply chain remains in focus,Bloomberg-style sample
2026-02-10,JPMorgan,JPM,Financials,regulation,JPMorgan raises outlook as regulation remains in focus,MarketWatch sample
2026-02-10,Amazon,AMZN,Consumer Discretionary,interest rates,Amazon announces update as interest rates remains in focus,Reuters sample
2026-02-11,Goldman Sachs,GS,Financials,earnings,Goldman Sachs strategic partnership as earnings remains in focus,Reuters sample
2026-02-11,Amazon,AMZN,Consumer Discretionary,interest rates,Amazon raises outlook as interest rates remains in focus,Financial Times sample
2026-02-11,Amazon,AMZN,Consumer Discretionary,earnings,Amazon downgrade as earnings remains in focus,Reuters sample
2026-02-11,Microsoft,MSFT,Technology,M&A,Microsoft margin expansion as M&A remains in focus,Reuters sample
2026-02-12,BlackRock,BLK,Asset Management,interest rates,BlackRock reviews strategy as interest rates remains in focus,Bloomberg-style sample
2026-02-12,BlackRock,BLK,Asset Management,M&A,BlackRock regulatory probe as M&A remains in focus,MarketWatch sample
2026-02-12,BlackRock,BLK,Asset Management,M&A,BlackRock raises outlook as M&A remains in focus,MarketWatch sample
2026-02-12,Tesla,TSLA,Consumer Discretionary,market volatility,Tesla strong demand as market volatility remains in focus,Bloomberg-style sample
2026-02-12,JPMorgan,JPM,Financials,AI,JPMorgan comments on market conditions as AI remains in focus,Reuters sample
2026-02-12,JPMorgan,JPM,Financials,M&A,JPMorgan misses estimates as M&A remains in focus,Reuters sample
2026-02-13,Nvidia,NVDA,Semiconductors,regulation,Nvidia strong demand as regulation remains in focus,Financial Times sample
2026-02-13,Apple,AAPL,Technology,AI,Apple weak guidance as AI remains in focus,Bloomberg-style sample
2026-02-13,Microsoft,MSFT,Technology,regulation,Microsoft weak guidance as regulation remains in focus,Bloomberg-style sample
2026-02-13,JPMorgan,JPM,Financials,credit risk,JPMorgan record revenue as credit risk remains in focus,MarketWatch sample
2026-02-13,Apple,AAPL,Technology,interest rates,Apple layoffs as interest rates remains in focus,Bloomberg-style sample
2026-02-14,Tesla,TSLA,Consumer Discretionary,earnings,Tesla regulatory probe as earnings remains in focus,Financial Times sample
2026-02-15,JPMorgan,JPM,Financials,supply chain,JPMorgan raises outlook as supply chain remains in focus,Financial Times sample
2026-02-15,Apple,AAPL,Technology,M&A,Apple raises outlook as M&A remains in focus,Bloomberg-style sample
2026-02-16,Microsoft,MSFT,Technology,M&A,Microsoft strong demand as M&A remains in focus,Reuters sample
2026-02-16,BlackRock,BLK,Asset Management,interest rates,BlackRock hosts investor day as interest rates remains in focus,Financial Times sample
2026-02-17,Amazon,AMZN,Consumer Discretionary,market volatility,Amazon layoffs as market volatility remains in focus,Financial Times sample
2026-02-18,Nvidia,NVDA,Semiconductors,credit risk,Nvidia strong demand as credit risk remains in focus,Reuters sample
2026-02-18,Nvidia,NVDA,Semiconductors,credit risk,Nvidia strategic partnership as credit risk remains in focus,Financial Times sample
2026-02-18,Amazon,AMZN,Consumer Discretionary,credit risk,Amazon layoffs as credit risk remains in focus,Reuters sample
2026-02-18,BlackRock,BLK,Asset Management,supply chain,BlackRock beats expectations as supply chain remains in focus,Bloomberg-style sample
2026-02-18,Nvidia,NVDA,Semiconductors,market volatility,Nvidia strategic partnership as market volatility remains in focus,MarketWatch sample
2026-02-18,Nvidia,NVDA,Semiconductors,market volatility,Nvidia raises outlook as market volatility remains in focus,MarketWatch sample
2026-02-19,Tesla,TSLA,Consumer Discretionary,market volatility,Tesla margin pressure as market volatility remains in focus,Financial Times sample
2026-02-19,Amazon,AMZN,Consumer Discretionary,earnings,Amazon misses estimates as earnings remains in focus,Reuters sample
2026-02-19,Tesla,TSLA,Consumer Discretionary,market volatility,Tesla beats expectations as market volatility remains in focus,Bloomberg-style sample
2026-02-20,Nvidia,NVDA,Semiconductors,earnings,Nvidia layoffs as earnings remains in focus,MarketWatch sample
2026-02-20,Microsoft,MSFT,Technology,credit risk,Microsoft margin expansion as credit risk remains in focus,Reuters sample
2026-02-20,Amazon,AMZN,Consumer Discretionary,M&A,Amazon record revenue as M&A remains in focus,MarketWatch sample
2026-02-20,Microsoft,MSFT,Technology,credit risk,Microsoft margin expansion as credit risk remains in focus,MarketWatch sample
2026-02-21,JPMorgan,JPM,Financials,regulation,JPMorgan strong demand as regulation remains in focus,Reuters sample
2026-02-21,JPMorgan,JPM,Financials,AI,JPMorgan hosts investor day as AI remains in focus,Financial Times sample
2026-02-21,Nvidia,NVDA,Semiconductors,AI,Nvidia reviews strategy as AI remains in focus,Bloomberg-style sample
2026-02-21,Amazon,AMZN,Consumer Discretionary,earnings,Amazon releases report as earnings remains in focus,MarketWatch sample
2026-02-22,Amazon,AMZN,Consumer Discretionary,supply chain,Amazon layoffs as supply chain remains in focus,Reuters sample
2026-02-22,Microsoft,MSFT,Technology,earnings,Microsoft record revenue as earnings remains in focus,Bloomberg-style sample
2026-02-23,Nvidia,NVDA,Semiconductors,credit risk,Nvidia strategic partnership as credit risk remains in focus,MarketWatch sample
2026-02-23,Amazon,AMZN,Consumer Discretionary,M&A,Amazon strategic partnership as M&A remains in focus,Bloomberg-style sample
2026-02-23,Tesla,TSLA,Consumer Discretionary,earnings,Tesla strategic partnership as earnings remains in focus,Bloomberg-style sample
2026-02-23,Microsoft,MSFT,Technology,market volatility,Microsoft record revenue as market volatility remains in focus,Bloomberg-style sample
2026-02-24,Nvidia,NVDA,Semiconductors,M&A,Nvidia beats expectations as M&A remains in focus,Bloomberg-style sample
2026-02-24,Nvidia,NVDA,Semiconductors,supply chain,Nvidia margin expansion as supply chain remains in focus,Bloomberg-style sample
2026-02-24,Amazon,AMZN,Consumer Discretionary,interest rates,Amazon beats expectations as interest rates remains in focus,Bloomberg-style sample
2026-02-24,JPMorgan,JPM,Financials,interest rates,JPMorgan strong demand as interest rates remains in focus,Reuters sample
2026-02-25,BlackRock,BLK,Asset Management,AI,BlackRock margin expansion as AI remains in focus,MarketWatch sample
2026-02-25,BlackRock,BLK,Asset Management,supply chain,BlackRock hosts investor day as supply chain remains in focus,Bloomberg-style sample
2026-02-25,Nvidia,NVDA,Semiconductors,interest rates,Nvidia layoffs as interest rates remains in focus,Reuters sample
2026-02-25,Amazon,AMZN,Consumer Discretionary,regulation,Amazon weak guidance as regulation remains in focus,Financial Times sample
2026-02-26,Apple,AAPL,Technology,regulation,Apple announces update as regulation remains in focus,MarketWatch sample
2026-02-26,Nvidia,NVDA,Semiconductors,M&A,Nvidia margin expansion as M&A remains in focus,MarketWatch sample
2026-02-27,JPMorgan,JPM,Financials,earnings,JPMorgan beats expectations as earnings remains in focus,MarketWatch sample
2026-02-27,JPMorgan,JPM,Financials,market volatility,JPMorgan raises outlook as market volatility remains in focus,Bloomberg-style sample
2026-02-27,BlackRock,BLK,Asset Management,credit risk,BlackRock reviews strategy as credit risk remains in focus,Reuters sample
2026-02-27,BlackRock,BLK,Asset Management,interest rates,BlackRock releases report as interest rates remains in focus,Reuters sample
2026-02-28,BlackRock,BLK,Asset Management,credit risk,BlackRock strategic partnership as credit risk remains in focus,Financial Times sample
2026-02-28,BlackRock,BLK,Asset Management,credit risk,BlackRock strong demand as credit risk remains in focus,Bloomberg-style sample
2026-03-01,Goldman Sachs,GS,Financials,regulation,Goldman Sachs beats expectations as regulation remains in focus,MarketWatch sample
2026-03-01,JPMorgan,JPM,Financials,AI,JPMorgan strong demand as AI remains in focus,Reuters sample
2026-03-01,Tesla,TSLA,Consumer Discretionary,market volatility,Tesla margin expansion as market volatility remains in focus,Reuters sample
2026-03-01,Microsoft,MSFT,Technology,M&A,Microsoft weak guidance as M&A remains in focus,Reuters sample
2026-03-02,JPMorgan,JPM,Financials,market volatility,JPMorgan record revenue as market volatility remains in focus,Bloomberg-style sample
2026-03-02,Amazon,AMZN,Consumer Discretionary,M&A,Amazon margin expansion as M&A remains in focus,Bloomberg-style sample
2026-03-02,Amazon,AMZN,Consumer Discretionary,regulation,Amazon beats expectations as regulation remains in focus,MarketWatch sample
2026-03-03,Amazon,AMZN,Consumer Discretionary,regulation,Amazon releases report as regulation remains in focus,Bloomberg-style sample
2026-03-03,Microsoft,MSFT,Technology,earnings,Microsoft layoffs as earnings remains in focus,Financial Times sample
2026-03-03,Goldman Sachs,GS,Financials,market volatility,Goldman Sachs raises outlook as market volatility remains in focus,MarketWatch sample
2026-03-03,JPMorgan,JPM,Financials,interest rates,JPMorgan downgrade as interest rates remains in focus,Reuters sample
2026-03-04,JPMorgan,JPM,Financials,regulation,JPMorgan regulatory probe as regulation remains in focus,Bloomberg-style sample
2026-03-06,Tesla,TSLA,Consumer Discretionary,regulation,Tesla comments on market conditions as regulation remains in focus,Financial Times sample
2026-03-06,JPMorgan,JPM,Financials,market volatility,JPMorgan strong demand as market volatility remains in focus,Reuters sample
2026-03-08,BlackRock,BLK,Asset Management,interest rates,BlackRock regulatory probe as interest rates remains in focus,MarketWatch sample
2026-03-08,Goldman Sachs,GS,Financials,credit risk,Goldman Sachs releases report as credit risk remains in focus,Bloomberg-style sample
2026-03-08,Nvidia,NVDA,Semiconductors,supply chain,Nvidia releases report as supply chain remains in focus,Reuters sample
2026-03-08,Microsoft,MSFT,Technology,interest rates,Microsoft misses estimates as interest rates remains in focus,Reuters sample
2026-03-08,Nvidia,NVDA,Semiconductors,interest rates,Nvidia record revenue as interest rates remains in focus,Reuters sample
2026-03-09,Tesla,TSLA,Consumer Discretionary,interest rates,Tesla strategic partnership as interest rates remains in focus,Bloomberg-style sample
2026-03-09,Microsoft,MSFT,Technology,regulation,Microsoft raises outlook as regulation remains in focus,Reuters sample
2026-03-09,JPMorgan,JPM,Financials,credit risk,JPMorgan misses estimates as credit risk remains in focus,Reuters sample
2026-03-10,Tesla,TSLA,Consumer Discretionary,interest rates,Tesla downgrade as interest rates remains in focus,MarketWatch sample
2026-03-10,Apple,AAPL,Technology,market volatility,Apple misses estimates as market volatility remains in focus,Financial Times sample
2026-03-10,Goldman Sachs,GS,Financials,M&A,Goldman Sachs hosts investor day as M&A remains in focus,Reuters sample
2026-03-11,Microsoft,MSFT,Technology,AI,Microsoft comments on market conditions as AI remains in focus,MarketWatch sample
2026-03-11,Microsoft,MSFT,Technology,supply chain,Microsoft record revenue as supply chain remains in focus,Reuters sample
2026-03-12,JPMorgan,JPM,Financials,regulation,JPMorgan regulatory probe as regulation remains in focus,Financial Times sample
2026-03-12,JPMorgan,JPM,Financials,supply chain,JPMorgan layoffs as supply chain remains in focus,Financial Times sample
2026-03-12,BlackRock,BLK,Asset Management,supply chain,BlackRock downgrade as supply chain remains in focus,Financial Times sample
2026-03-12,Microsoft,MSFT,Technology,interest rates,Microsoft margin expansion as interest rates remains in focus,Bloomberg-style sample
2026-03-12,JPMorgan,JPM,Financials,earnings,JPMorgan announces update as earnings remains in focus,Financial Times sample
2026-03-13,Apple,AAPL,Technology,market volatility,Apple downgrade as market volatility remains in focus,Bloomberg-style sample
2026-03-13,Microsoft,MSFT,Technology,M&A,Microsoft misses estimates as M&A remains in focus,Bloomberg-style sample
2026-03-13,Apple,AAPL,Technology,AI,Apple releases report as AI remains in focus,MarketWatch sample
2026-03-13,Amazon,AMZN,Consumer Discretionary,regulation,Amazon downgrade as regulation remains in focus,Financial Times sample
2026-03-13,Tesla,TSLA,Consumer Discretionary,supply chain,Tesla beats expectations as supply chain remains in focus,Financial Times sample
2026-03-14,Tesla,TSLA,Consumer Discretionary,earnings,Tesla hosts investor day as earnings remains in focus,Reuters sample
2026-03-14,Tesla,TSLA,Consumer Discretionary,market volatility,Tesla raises outlook as market volatility remains in focus,Reuters sample
2026-03-14,Goldman Sachs,GS,Financials,interest rates,Goldman Sachs weak guidance as interest rates remains in focus,MarketWatch sample
2026-03-15,Goldman Sachs,GS,Financials,earnings,Goldman Sachs misses estimates as earnings remains in focus,MarketWatch sample
2026-03-15,Goldman Sachs,GS,Financials,M&A,Goldman Sachs record revenue as M&A remains in focus,Bloomberg-style sample
2026-03-15,Amazon,AMZN,Consumer Discretionary,AI,Amazon margin expansion as AI remains in focus,Reuters sample
2026-03-15,Tesla,TSLA,Consumer Discretionary,interest rates,Tesla hosts investor day as interest rates remains in focus,Reuters sample
2026-03-15,Nvidia,NVDA,Semiconductors,market volatility,Nvidia regulatory probe as market volatility remains in focus,Reuters sample
2026-03-15,Goldman Sachs,GS,Financials,regulation,Goldman Sachs margin pressure as regulation remains in focus,MarketWatch sample
2026-03-16,BlackRock,BLK,Asset Management,interest rates,BlackRock margin pressure as interest rates remains in focus,MarketWatch sample
2026-03-16,Goldman Sachs,GS,Financials,AI,Goldman Sachs raises outlook as AI remains in focus,MarketWatch sample
2026-03-16,BlackRock,BLK,Asset Management,market volatility,BlackRock strong demand as market volatility remains in focus,MarketWatch sample
2026-03-17,JPMorgan,JPM,Financials,AI,JPMorgan layoffs as AI remains in focus,Reuters sample
2026-03-17,BlackRock,BLK,Asset Management,M&A,BlackRock downgrade as M&A remains in focus,Financial Times sample
2026-03-19,JPMorgan,JPM,Financials,supply chain,JPMorgan layoffs as supply chain remains in focus,MarketWatch sample
2026-03-19,Microsoft,MSFT,Technology,regulation,Microsoft raises outlook as regulation remains in focus,MarketWatch sample
2026-03-20,JPMorgan,JPM,Financials,AI,JPMorgan strong demand as AI remains in focus,MarketWatch sample
2026-03-20,BlackRock,BLK,Asset Management,market volatility,BlackRock strategic partnership as market volatility remains in focus,Reuters sample
2026-03-20,Goldman Sachs,GS,Financials,M&A,Goldman Sachs comments on market conditions as M&A remains in focus,Bloomberg-style sample
2026-03-21,Tesla,TSLA,Consumer Discretionary,AI,Tesla margin pressure as AI remains in focus,Reuters sample
2026-03-21,Nvidia,NVDA,Semiconductors,M&A,Nvidia strong demand as M&A remains in focus,Financial Times sample
2026-03-21,Goldman Sachs,GS,Financials,supply chain,Goldman Sachs layoffs as supply chain remains in focus,MarketWatch sample
2026-03-22,BlackRock,BLK,Asset Management,market volatility,BlackRock strategic partnership as market volatility remains in focus,Bloomberg-style sample
2026-03-22,Amazon,AMZN,Consumer Discretionary,regulation,Amazon margin expansion as regulation remains in focus,Bloomberg-style sample
2026-03-22,Tesla,TSLA,Consumer Discretionary,regulation,Tesla weak guidance as regulation remains in focus,Reuters sample
2026-03-23,BlackRock,BLK,Asset Management,M&A,BlackRock record revenue as M&A remains in focus,Reuters sample
2026-03-23,Tesla,TSLA,Consumer Discretionary,AI,Tesla layoffs as AI remains in focus,Financial Times sample
2026-03-23,Tesla,TSLA,Consumer Discretionary,regulation,Tesla releases report as regulation remains in focus,Bloomberg-style sample
2026-03-23,Microsoft,MSFT,Technology,earnings,Microsoft margin expansion as earnings remains in focus,Reuters sample
2026-03-24,Goldman Sachs,GS,Financials,supply chain,Goldman Sachs hosts investor day as supply chain remains in focus,Financial Times sample
2026-03-24,Apple,AAPL,Technology,M&A,Apple raises outlook as M&A remains in focus,Reuters sample
2026-03-24,Amazon,AMZN,Consumer Discretionary,supply chain,Amazon weak guidance as supply chain remains in focus,Bloomberg-style sample
2026-03-24,Nvidia,NVDA,Semiconductors,regulation,Nvidia record revenue as regulation remains in focus,Bloomberg-style sample
2026-03-24,Amazon,AMZN,Consumer Discretionary,interest rates,Amazon weak guidance as interest rates remains in focus,MarketWatch sample
2026-03-26,JPMorgan,JPM,Financials,supply chain,JPMorgan strategic partnership as supply chain remains in focus,Reuters sample
2026-03-26,Nvidia,NVDA,Semiconductors,interest rates,Nvidia beats expectations as interest rates remains in focus,Bloomberg-style sample
2026-03-27,Tesla,TSLA,Consumer Discretionary,regulation,Tesla record revenue as regulation remains in focus,MarketWatch sample
2026-03-27,Microsoft,MSFT,Technology,AI,Microsoft strong demand as AI remains in focus,Reuters sample
2026-03-27,Tesla,TSLA,Consumer Discretionary,M&A,Tesla layoffs as M&A remains in focus,Financial Times sample
2026-03-27,Microsoft,MSFT,Technology,supply chain,Microsoft record revenue as supply chain remains in focus,Financial Times sample
2026-03-27,Amazon,AMZN,Consumer Discretionary,M&A,Amazon margin pressure as M&A remains in focus,Financial Times sample
2026-03-27,Goldman Sachs,GS,Financials,market volatility,Goldman Sachs downgrade as market volatility remains in focus,Financial Times sample
2026-03-28,Tesla,TSLA,Consumer Discretionary,credit risk,Tesla strong demand as credit risk remains in focus,Reuters sample
2026-03-30,BlackRock,BLK,Asset Management,interest rates,BlackRock hosts investor day as interest rates remains in focus,Bloomberg-style sample
2026-03-30,Microsoft,MSFT,Technology,supply chain,Microsoft comments on market conditions as supply chain remains in focus,Bloomberg-style sample
2026-03-30,Tesla,TSLA,Consumer Discretionary,M&A,Tesla margin pressure as M&A remains in focus,MarketWatch sample
2026-03-30,Nvidia,NVDA,Semiconductors,M&A,Nvidia releases report as M&A remains in focus,Financial Times sample
2026-03-30,Nvidia,NVDA,Semiconductors,credit risk,Nvidia margin pressure as credit risk remains in focus,MarketWatch sample
2026-03-31,Amazon,AMZN,Consumer Discretionary,M&A,Amazon reviews strategy as M&A remains in focus,Bloomberg-style sample
2026-03-31,Tesla,TSLA,Consumer Discretionary,market volatility,Tesla regulatory probe as market volatility remains in focus,Reuters sample
2026-04-01,Tesla,TSLA,Consumer Discretionary,market volatility,Tesla strategic partnership as market volatility remains in focus,MarketWatch sample
2026-04-01,JPMorgan,JPM,Financials,market volatility,JPMorgan beats expectations as market volatility remains in focus,MarketWatch sample
2026-04-01,JPMorgan,JPM,Financials,supply chain,JPMorgan raises outlook as supply chain remains in focus,MarketWatch sample
2026-04-01,Tesla,TSLA,Consumer Discretionary,earnings,Tesla misses estimates as earnings remains in focus,MarketWatch sample
2026-04-01,Tesla,TSLA,Consumer Discretionary,interest rates,Tesla strategic partnership as interest rates remains in focus,Bloomberg-style sample
2026-04-02,Microsoft,MSFT,Technology,market volatility,Microsoft layoffs as market volatility remains in focus,Bloomberg-style sample
2026-04-02,Microsoft,MSFT,Technology,interest rates,Microsoft strong demand as interest rates remains in focus,Financial Times sample
2026-04-02,Goldman Sachs,GS,Financials,credit risk,Goldman Sachs strategic partnership as credit risk remains in focus,Financial Times sample
2026-04-03,BlackRock,BLK,Asset Management,regulation,BlackRock regulatory probe as regulation remains in focus,Financial Times sample
2026-04-03,Amazon,AMZN,Consumer Discretionary,M&A,Amazon strong demand as M&A remains in focus,Bloomberg-style sample
2026-04-04,Nvidia,NVDA,Semiconductors,earnings,Nvidia hosts investor day as earnings remains in focus,MarketWatch sample
2026-04-04,Apple,AAPL,Technology,interest rates,Apple regulatory probe as interest rates remains in focus,Reuters sample
2026-04-05,Goldman Sachs,GS,Financials,earnings,Goldman Sachs releases report as earnings remains in focus,MarketWatch sample
2026-04-05,Goldman Sachs,GS,Financials,AI,Goldman Sachs hosts investor day as AI remains in focus,Financial Times sample
2026-04-05,Amazon,AMZN,Consumer Discretionary,supply chain,Amazon margin pressure as supply chain remains in focus,MarketWatch sample
2026-04-05,BlackRock,BLK,Asset Management,M&A,BlackRock downgrade as M&A remains in focus,Bloomberg-style sample
2026-04-05,Amazon,AMZN,Consumer Discretionary,regulation,Amazon raises outlook as regulation remains in focus,Reuters sample
2026-04-06,Tesla,TSLA,Consumer Discretionary,interest rates,Tesla announces update as interest rates remains in focus,Bloomberg-style sample
2026-04-06,BlackRock,BLK,Asset Management,M&A,BlackRock margin expansion as M&A remains in focus,MarketWatch sample
2026-04-06,Amazon,AMZN,Consumer Discretionary,M&A,Amazon downgrade as M&A remains in focus,Financial Times sample
2026-04-07,Tesla,TSLA,Consumer Discretionary,credit risk,Tesla misses estimates as credit risk remains in focus,Financial Times sample
2026-04-07,Amazon,AMZN,Consumer Discretionary,AI,Amazon layoffs as AI remains in focus,Financial Times sample
2026-04-07,Goldman Sachs,GS,Financials,earnings,Goldman Sachs record revenue as earnings remains in focus,Financial Times sample
2026-04-07,JPMorgan,JPM,Financials,market volatility,JPMorgan regulatory probe as market volatility remains in focus,Reuters sample
2026-04-07,Tesla,TSLA,Consumer Discretionary,supply chain,Tesla regulatory probe as supply chain remains in focus,Financial Times sample
2026-04-08,Tesla,TSLA,Consumer Discretionary,regulation,Tesla releases report as regulation remains in focus,Reuters sample
2026-04-08,Microsoft,MSFT,Technology,regulation,Microsoft strong demand as regulation remains in focus,Bloomberg-style sample
2026-04-08,BlackRock,BLK,Asset Management,regulation,BlackRock hosts investor day as regulation remains in focus,MarketWatch sample
2026-04-09,JPMorgan,JPM,Financials,earnings,JPMorgan regulatory probe as earnings remains in focus,Financial Times sample
2026-04-09,Goldman Sachs,GS,Financials,regulation,Goldman Sachs hosts investor day as regulation remains in focus,Bloomberg-style sample
2026-04-09,Amazon,AMZN,Consumer Discretionary,market volatility,Amazon margin expansion as market volatility remains in focus,MarketWatch sample
2026-04-09,Nvidia,NVDA,Semiconductors,AI,Nvidia margin expansion as AI remains in focus,Reuters sample
2026-04-10,Goldman Sachs,GS,Financials,interest rates,Goldman Sachs beats expectations as interest rates remains in focus,Financial Times sample
2026-04-10,Apple,AAPL,Technology,regulation,Apple comments on market conditions as regulation remains in focus,Reuters sample
2026-04-10,Apple,AAPL,Technology,market volatility,Apple margin pressure as market volatility remains in focus,Reuters sample
2026-04-10,BlackRock,BLK,Asset Management,interest rates,BlackRock regulatory probe as interest rates remains in focus,Financial Times sample
2026-04-10,Microsoft,MSFT,Technology,M&A,Microsoft announces update as M&A remains in focus,MarketWatch sample
2026-04-10,JPMorgan,JPM,Financials,market volatility,JPMorgan comments on market conditions as market volatility remains in focus,Reuters sample
2026-04-10,Tesla,TSLA,Consumer Discretionary,M&A,Tesla strong demand as M&A remains in focus,Financial Times sample
2026-04-10,JPMorgan,JPM,Financials,regulation,JPMorgan raises outlook as regulation remains in focus,MarketWatch sample
2026-04-11,Amazon,AMZN,Consumer Discretionary,market volatility,Amazon raises outlook as market volatility remains in focus,MarketWatch sample
2026-04-11,Microsoft,MSFT,Technology,AI,Microsoft layoffs as AI remains in focus,Bloomberg-style sample
2026-04-11,Nvidia,NVDA,Semiconductors,market volatility,Nvidia strategic partnership as market volatility remains in focus,Reuters sample
2026-04-12,JPMorgan,JPM,Financials,interest rates,JPMorgan regulatory probe as interest rates remains in focus,Reuters sample
2026-04-12,Goldman Sachs,GS,Financials,supply chain,Goldman Sachs beats expectations as supply chain remains in focus,Reuters sample
2026-04-12,JPMorgan,JPM,Financials,earnings,JPMorgan announces update as earnings remains in focus,Financial Times sample
2026-04-12,Tesla,TSLA,Consumer Discretionary,credit risk,Tesla layoffs as credit risk remains in focus,MarketWatch sample
2026-04-13,Nvidia,NVDA,Semiconductors,supply chain,Nvidia margin expansion as supply chain remains in focus,Bloomberg-style sample
2026-04-13,BlackRock,BLK,Asset Management,credit risk,BlackRock comments on market conditions as credit risk remains in focus,MarketWatch sample
2026-04-13,Apple,AAPL,Technology,AI,Apple beats expectations as AI remains in focus,Reuters sample
2026-04-14,Microsoft,MSFT,Technology,M&A,Microsoft strong demand as M&A remains in focus,Bloomberg-style sample
2026-04-14,Apple,AAPL,Technology,market volatility,Apple downgrade as market volatility remains in focus,MarketWatch sample
2026-04-15,Microsoft,MSFT,Technology,regulation,Microsoft announces update as regulation remains in focus,Financial Times sample
2026-04-15,Goldman Sachs,GS,Financials,earnings,Goldman Sachs strategic partnership as earnings remains in focus,MarketWatch sample
2026-04-15,Nvidia,NVDA,Semiconductors,interest rates,Nvidia comments on market conditions as interest rates remains in focus,Financial Times sample
2026-04-15,JPMorgan,JPM,Financials,market volatility,JPMorgan margin expansion as market volatility remains in focus,MarketWatch sample
2026-04-16,JPMorgan,JPM,Financials,regulation,JPMorgan regulatory probe as regulation remains in focus,Bloomberg-style sample
2026-04-16,Nvidia,NVDA,Semiconductors,supply chain,Nvidia comments on market conditions as supply chain remains in focus,Reuters sample
2026-04-16,JPMorgan,JPM,Financials,M&A,JPMorgan downgrade as M&A remains in focus,Reuters sample
2026-04-16,BlackRock,BLK,Asset Management,AI,BlackRock strong demand as AI remains in focus,MarketWatch sample
2026-04-17,Microsoft,MSFT,Technology,M&A,Microsoft layoffs as M&A remains in focus,Reuters sample
2026-04-17,BlackRock,BLK,Asset Management,interest rates,BlackRock announces update as interest rates remains in focus,Reuters sample
2026-04-17,Microsoft,MSFT,Technology,AI,Microsoft strong demand as AI remains in focus,Reuters sample
2026-04-18,JPMorgan,JPM,Financials,earnings,JPMorgan strategic partnership as earnings remains in focus,MarketWatch sample
2026-04-18,Nvidia,NVDA,Semiconductors,supply chain,Nvidia record revenue as supply chain remains in focus,MarketWatch sample
2026-04-18,Nvidia,NVDA,Semiconductors,market volatility,Nvidia regulatory probe as market volatility remains in focus,Reuters sample
2026-04-18,JPMorgan,JPM,Financials,earnings,JPMorgan strategic partnership as earnings remains in focus,MarketWatch sample
2026-04-18,Amazon,AMZN,Consumer Discretionary,M&A,Amazon announces update as M&A remains in focus,Reuters sample
2026-04-19,Microsoft,MSFT,Technology,interest rates,Microsoft record revenue as interest rates remains in focus,Bloomberg-style sample
2026-04-19,JPMorgan,JPM,Financials,credit risk,JPMorgan strong demand as credit risk remains in focus,Bloomberg-style sample
2026-04-19,Microsoft,MSFT,Technology,market volatility,Microsoft raises outlook as market volatility remains in focus,MarketWatch sample
2026-04-19,JPMorgan,JPM,Financials,market volatility,JPMorgan record revenue as market volatility remains in focus,Reuters sample
2026-04-20,Microsoft,MSFT,Technology,M&A,Microsoft strategic partnership as M&A remains in focus,Reuters sample
2026-04-21,Tesla,TSLA,Consumer Discretionary,supply chain,Tesla layoffs as supply chain remains in focus,Financial Times sample
2026-04-21,Nvidia,NVDA,Semiconductors,interest rates,Nvidia weak guidance as interest rates remains in focus,MarketWatch sample
2026-04-21,Tesla,TSLA,Consumer Discretionary,regulation,Tesla hosts investor day as regulation remains in focus,Financial Times sample
2026-04-21,Amazon,AMZN,Consumer Discretionary,AI,Amazon record revenue as AI remains in focus,MarketWatch sample
2026-04-21,Tesla,TSLA,Consumer Discretionary,regulation,Tesla comments on market conditions as regulation remains in focus,Bloomberg-style sample
2026-04-21,Nvidia,NVDA,Semiconductors,M&A,Nvidia strategic partnership as M&A remains in focus,Reuters sample
2026-04-22,Nvidia,NVDA,Semiconductors,earnings,Nvidia margin pressure as earnings remains in focus,Reuters sample
2026-04-22,JPMorgan,JPM,Financials,credit risk,JPMorgan reviews strategy as credit risk remains in focus,Financial Times sample
2026-04-22,Amazon,AMZN,Consumer Discretionary,supply chain,Amazon misses estimates as supply chain remains in focus,Financial Times sample
2026-04-23,Nvidia,NVDA,Semiconductors,credit risk,Nvidia weak guidance as credit risk remains in focus,Financial Times sample
2026-04-24,Nvidia,NVDA,Semiconductors,credit risk,Nvidia layoffs as credit risk remains in focus,Financial Times sample
2026-04-24,JPMorgan,JPM,Financials,M&A,JPMorgan hosts investor day as M&A remains in focus,MarketWatch sample
2026-04-24,Goldman Sachs,GS,Financials,interest rates,Goldman Sachs weak guidance as interest rates remains in focus,Financial Times sample
2026-04-24,JPMorgan,JPM,Financials,AI,JPMorgan margin pressure as AI remains in focus,Bloomberg-style sample
2026-04-24,BlackRock,BLK,Asset Management,interest rates,BlackRock layoffs as interest rates remains in focus,MarketWatch sample
2026-04-25,Amazon,AMZN,Consumer Discretionary,earnings,Amazon record revenue as earnings remains in focus,MarketWatch sample
2026-04-25,Microsoft,MSFT,Technology,M&A,Microsoft regulatory probe as M&A remains in focus,Financial Times sample
2026-04-25,Apple,AAPL,Technology,M&A,Apple weak guidance as M&A remains in focus,Bloomberg-style sample
2026-04-25,Microsoft,MSFT,Technology,M&A,Microsoft strong demand as M&A remains in focus,Bloomberg-style sample
2026-04-25,Amazon,AMZN,Consumer Discretionary,M&A,Amazon misses estimates as M&A remains in focus,MarketWatch sample
2026-04-27,BlackRock,BLK,Asset Management,interest rates,BlackRock hosts investor day as interest rates remains in focus,MarketWatch sample
2026-04-27,Amazon,AMZN,Consumer Discretionary,credit risk,Amazon misses estimates as credit risk remains in focus,Bloomberg-style sample
2026-04-28,JPMorgan,JPM,Financials,M&A,JPMorgan announces update as M&A remains in focus,MarketWatch sample
2026-04-28,Goldman Sachs,GS,Financials,credit risk,Goldman Sachs margin pressure as credit risk remains in focus,Bloomberg-style sample
2026-04-28,Tesla,TSLA,Consumer Discretionary,interest rates,Tesla downgrade as interest rates remains in focus,MarketWatch sample
2026-04-28,Apple,AAPL,Technology,interest rates,Apple hosts investor day as interest rates remains in focus,Bloomberg-style sample
2026-04-29,Goldman Sachs,GS,Financials,AI,Goldman Sachs comments on market conditions as AI remains in focus,Reuters sample
2026-04-29,Amazon,AMZN,Consumer Discretionary,M&A,Amazon layoffs as M&A remains in focus,Reuters sample
2026-04-29,JPMorgan,JPM,Financials,M&A,JPMorgan weak guidance as M&A remains in focus,Reuters sample
2026-04-29,Goldman Sachs,GS,Financials,AI,Goldman Sachs downgrade as AI remains in focus,Bloomberg-style sample
2026-04-29,JPMorgan,JPM,Financials,credit risk,JPMorgan regulatory probe as credit risk remains in focus,Bloomberg-style sample
2026-04-30,JPMorgan,JPM,Financials,credit risk,JPMorgan margin expansion as credit risk remains in focus,Reuters sample
2026-04-30,Tesla,TSLA,Consumer Discretionary,earnings,Tesla layoffs as earnings remains in focus,MarketWatch sample
2026-04-30,Amazon,AMZN,Consumer Discretionary,credit risk,Amazon misses estimates as credit risk remains in focus,Reuters sample
2026-05-01,Amazon,AMZN,Consumer Discretionary,market volatility,Amazon margin expansion as market volatility remains in focus,Reuters sample
2026-05-01,Nvidia,NVDA,Semiconductors,supply chain,Nvidia reviews strategy as supply chain remains in focus,Financial Times sample
2026-05-01,Amazon,AMZN,Consumer Discretionary,AI,Amazon layoffs as AI remains in focus,Financial Times sample
2026-05-01,Goldman Sachs,GS,Financials,AI,Goldman Sachs regulatory probe as AI remains in focus,Reuters sample
2026-05-02,JPMorgan,JPM,Financials,credit risk,JPMorgan strategic partnership as credit risk remains in focus,Reuters sample
2026-05-02,Nvidia,NVDA,Semiconductors,market volatility,Nvidia raises outlook as market volatility remains in focus,MarketWatch sample
2026-05-03,JPMorgan,JPM,Financials,market volatility,JPMorgan announces update as market volatility remains in focus,MarketWatch sample
2026-05-03,Nvidia,NVDA,Semiconductors,earnings,Nvidia margin expansion as earnings remains in focus,Bloomberg-style sample
2026-05-04,BlackRock,BLK,Asset Management,AI,BlackRock raises outlook as AI remains in focus,Reuters sample
2026-05-04,Tesla,TSLA,Consumer Discretionary,market volatility,Tesla strategic partnership as market volatility remains in focus,Bloomberg-style sample
2026-05-04,Tesla,TSLA,Consumer Discretionary,earnings,Tesla announces update as earnings remains in focus,Reuters sample
2026-05-04,Tesla,TSLA,Consumer Discretionary,market volatility,Tesla strong demand as market volatility remains in focus,Bloomberg-style sample
2026-05-04,BlackRock,BLK,Asset Management,market volatility,BlackRock layoffs as market volatility remains in focus,Reuters sample
2026-05-05,Apple,AAPL,Technology,market volatility,Apple weak guidance as market volatility remains in focus,Reuters sample
2026-05-06,BlackRock,BLK,Asset Management,regulation,BlackRock margin pressure as regulation remains in focus,Financial Times sample
2026-05-06,BlackRock,BLK,Asset Management,supply chain,BlackRock beats expectations as supply chain remains in focus,Financial Times sample
2026-05-06,Tesla,TSLA,Consumer Discretionary,regulation,Tesla strategic partnership as regulation remains in focus,Financial Times sample
2026-05-07,Microsoft,MSFT,Technology,credit risk,Microsoft record revenue as credit risk remains in focus,Bloomberg-style sample
2026-05-07,Apple,AAPL,Technology,credit risk,Apple strong demand as credit risk remains in focus,Reuters sample
2026-05-07,Microsoft,MSFT,Technology,market volatility,Microsoft beats expectations as market volatility remains in focus,Bloomberg-style sample
2026-05-07,Tesla,TSLA,Consumer Discretionary,AI,Tesla regulatory probe as AI remains in focus,MarketWatch sample
2026-05-07,Amazon,AMZN,Consumer Discretionary,regulation,Amazon raises outlook as regulation remains in focus,Bloomberg-style sample
2026-05-07,Apple,AAPL,Technology,interest rates,Apple downgrade as interest rates remains in focus,Reuters sample
2026-05-07,Goldman Sachs,GS,Financials,M&A,Goldman Sachs strategic partnership as M&A remains in focus,MarketWatch sample
2026-05-08,Goldman Sachs,GS,Financials,earnings,Goldman Sachs downgrade as earnings remains in focus,MarketWatch sample
2026-05-08,JPMorgan,JPM,Financials,AI,JPMorgan layoffs as AI remains in focus,Reuters sample
2026-05-08,Microsoft,MSFT,Technology,market volatility,Microsoft margin expansion as market volatility remains in focus,Reuters sample
2026-05-08,Tesla,TSLA,Consumer Discretionary,AI,Tesla strong demand as AI remains in focus,Reuters sample
2026-05-08,BlackRock,BLK,Asset Management,earnings,BlackRock strong demand as earnings remains in focus,MarketWatch sample
2026-05-08,Microsoft,MSFT,Technology,earnings,Microsoft announces update as earnings remains in focus,Bloomberg-style sample
2026-05-08,BlackRock,BLK,Asset Management,market volatility,BlackRock hosts investor day as market volatility remains in focus,Reuters sample
2026-05-09,Goldman Sachs,GS,Financials,AI,Goldman Sachs raises outlook as AI remains in focus,MarketWatch sample
2026-05-09,JPMorgan,JPM,Financials,interest rates,JPMorgan regulatory probe as interest rates remains in focus,Financial Times sample
2026-05-09,JPMorgan,JPM,Financials,interest rates,JPMorgan downgrade as interest rates remains in focus,Reuters sample
2026-05-10,Tesla,TSLA,Consumer Discretionary,credit risk,Tesla weak guidance as credit risk remains in focus,Reuters sample
2026-05-10,Goldman Sachs,GS,Financials,regulation,Goldman Sachs margin expansion as regulation remains in focus,Reuters sample
2026-05-10,Nvidia,NVDA,Semiconductors,market volatility,Nvidia beats expectations as market volatility remains in focus,Reuters sample
2026-05-10,Microsoft,MSFT,Technology,regulation,Microsoft strong demand as regulation remains in focus,Reuters sample
2026-05-10,Amazon,AMZN,Consumer Discretionary,earnings,Amazon record revenue as earnings remains in focus,Bloomberg-style sample
2026-05-10,Amazon,AMZN,Consumer Discretionary,regulation,Amazon weak guidance as regulation remains in focus,MarketWatch sample
2026-05-10,JPMorgan,JPM,Financials,interest rates,JPMorgan misses estimates as interest rates remains in focus,Bloomberg-style sample
2026-05-11,Amazon,AMZN,Consumer Discretionary,regulation,Amazon strong demand as regulation remains in focus,Reuters sample
2026-05-11,Goldman Sachs,GS,Financials,interest rates,Goldman Sachs weak guidance as interest rates remains in focus,Financial Times sample
2026-05-12,Microsoft,MSFT,Technology,regulation,Microsoft downgrade as regulation remains in focus,Bloomberg-style sample
2026-05-12,Amazon,AMZN,Consumer Discretionary,AI,Amazon strategic partnership as AI remains in focus,Bloomberg-style sample
2026-05-12,JPMorgan,JPM,Financials,credit risk,JPMorgan raises outlook as credit risk remains in focus,Reuters sample
2026-05-13,Apple,AAPL,Technology,earnings,Apple margin expansion as earnings remains in focus,Bloomberg-style sample
2026-05-13,BlackRock,BLK,Asset Management,regulation,BlackRock announces update as regulation remains in focus,Financial Times sample
2026-05-13,BlackRock,BLK,Asset Management,interest rates,BlackRock strong demand as interest rates remains in focus,Bloomberg-style sample
2026-05-13,Tesla,TSLA,Consumer Discretionary,AI,Tesla margin pressure as AI remains in focus,MarketWatch sample
2026-05-13,BlackRock,BLK,Asset Management,credit risk,BlackRock regulatory probe as credit risk remains in focus,Financial Times sample
2026-05-13,Apple,AAPL,Technology,earnings,Apple announces update as earnings remains in focus,Bloomberg-style sample
2026-05-14,Amazon,AMZN,Consumer Discretionary,M&A,Amazon strong demand as M&A remains in focus,Reuters sample
2026-05-14,Goldman Sachs,GS,Financials,earnings,Goldman Sachs strong demand as earnings remains in focus,MarketWatch sample
2026-05-14,Tesla,TSLA,Consumer Discretionary,M&A,Tesla comments on market conditions as M&A remains in focus,MarketWatch sample
2026-05-14,Goldman Sachs,GS,Financials,regulation,Goldman Sachs downgrade as regulation remains in focus,MarketWatch sample
2026-05-14,Nvidia,NVDA,Semiconductors,supply chain,Nvidia strong demand as supply chain remains in focus,Reuters sample
2026-05-15,Nvidia,NVDA,Semiconductors,credit risk,Nvidia announces update as credit risk remains in focus,Bloomberg-style sample
2026-05-15,Apple,AAPL,Technology,earnings,Apple record revenue as earnings remains in focus,Reuters sample
2026-05-15,Apple,AAPL,Technology,interest rates,Apple hosts investor day as interest rates remains in focus,Reuters sample
2026-05-15,Amazon,AMZN,Consumer Discretionary,earnings,Amazon reviews strategy as earnings remains in focus,Bloomberg-style sample
2026-05-15,Microsoft,MSFT,Technology,regulation,Microsoft reviews strategy as regulation remains in focus,Reuters sample
2026-05-15,Apple,AAPL,Technology,M&A,Apple releases report as M&A remains in focus,Bloomberg-style sample
2026-05-15,Amazon,AMZN,Consumer Discretionary,credit risk,Amazon regulatory probe as credit risk remains in focus,Financial Times sample
2026-05-16,Tesla,TSLA,Consumer Discretionary,market volatility,Tesla raises outlook as market volatility remains in focus,Reuters sample
2026-05-16,Apple,AAPL,Technology,regulation,Apple misses estimates as regulation remains in focus,Financial Times sample
2026-05-16,Tesla,TSLA,Consumer Discretionary,interest rates,Tesla strategic partnership as interest rates remains in focus,Reuters sample
2026-05-16,JPMorgan,JPM,Financials,interest rates,JPMorgan comments on market conditions as interest rates remains in focus,Bloomberg-style sample
2026-05-17,Microsoft,MSFT,Technology,credit risk,Microsoft record revenue as credit risk remains in focus,Reuters sample
2026-05-17,Tesla,TSLA,Consumer Discretionary,AI,Tesla beats expectations as AI remains in focus,Reuters sample
2026-05-17,Goldman Sachs,GS,Financials,AI,Goldman Sachs record revenue as AI remains in focus,MarketWatch sample
2026-05-18,Amazon,AMZN,Consumer Discretionary,earnings,Amazon regulatory probe as earnings remains in focus,Financial Times sample
2026-05-18,Tesla,TSLA,Consumer Discretionary,interest rates,Tesla regulatory probe as interest rates remains in focus,Bloomberg-style sample
2026-05-18,Microsoft,MSFT,Technology,M&A,Microsoft releases report as M&A remains in focus,Reuters sample
2026-05-18,JPMorgan,JPM,Financials,regulation,JPMorgan misses estimates as regulation remains in focus,MarketWatch sample
2026-05-18,BlackRock,BLK,Asset Management,regulation,BlackRock layoffs as regulation remains in focus,Bloomberg-style sample
2026-05-18,Apple,AAPL,Technology,credit risk,Apple hosts investor day as credit risk remains in focus,Reuters sample
2026-05-19,JPMorgan,JPM,Financials,interest rates,JPMorgan reviews strategy as interest rates remains in focus,Bloomberg-style sample
2026-05-19,Apple,AAPL,Technology,supply chain,Apple beats expectations as supply chain remains in focus,MarketWatch sample
2026-05-19,BlackRock,BLK,Asset Management,AI,BlackRock reviews strategy as AI remains in focus,Bloomberg-style sample
2026-05-19,Nvidia,NVDA,Semiconductors,market volatility,Nvidia strategic partnership as market volatility remains in focus,MarketWatch sample
2026-05-20,Apple,AAPL,Technology,market volatility,Apple beats expectations as market volatility remains in focus,Reuters sample
2026-05-20,Microsoft,MSFT,Technology,supply chain,Microsoft downgrade as supply chain remains in focus,Reuters sample
2026-05-20,JPMorgan,JPM,Financials,credit risk,JPMorgan strategic partnership as credit risk remains in focus,Reuters sample
2026-05-20,Tesla,TSLA,Consumer Discretionary,M&A,Tesla strategic partnership as M&A remains in focus,Bloomberg-style sample
2026-05-21,JPMorgan,JPM,Financials,credit risk,JPMorgan margin pressure as credit risk remains in focus,Financial Times sample
2026-05-21,BlackRock,BLK,Asset Management,M&A,BlackRock strong demand as M&A remains in focus,Bloomberg-style sample
2026-05-21,Apple,AAPL,Technology,interest rates,Apple reviews strategy as interest rates remains in focus,Bloomberg-style sample
2026-05-21,JPMorgan,JPM,Financials,supply chain,JPMorgan comments on market conditions as supply chain remains in focus,MarketWatch sample
2026-05-21,Tesla,TSLA,Consumer Discretionary,market volatility,Tesla layoffs as market volatility remains in focus,Financial Times sample
2026-05-22,Goldman Sachs,GS,Financials,M&A,Goldman Sachs margin expansion as M&A remains in focus,Bloomberg-style sample
2026-05-23,Amazon,AMZN,Consumer Discretionary,M&A,Amazon releases report as M&A remains in focus,Financial Times sample
2026-05-23,BlackRock,BLK,Asset Management,supply chain,BlackRock margin pressure as supply chain remains in focus,Financial Times sample
2026-05-23,Goldman Sachs,GS,Financials,earnings,Goldman Sachs beats expectations as earnings remains in focus,Bloomberg-style sample
2026-05-23,Nvidia,NVDA,Semiconductors,M&A,Nvidia strong demand as M&A remains in focus,Bloomberg-style sample
2026-05-23,JPMorgan,JPM,Financials,supply chain,JPMorgan comments on market conditions as supply chain remains in focus,Financial Times sample
2026-05-24,JPMorgan,JPM,Financials,interest rates,JPMorgan raises outlook as interest rates remains in focus,Reuters sample
2026-05-24,Amazon,AMZN,Consumer Discretionary,market volatility,Amazon record revenue as market volatility remains in focus,Financial Times sample
2026-05-25,Apple,AAPL,Technology,regulation,Apple strategic partnership as regulation remains in focus,Bloomberg-style sample
2026-05-25,Amazon,AMZN,Consumer Discretionary,supply chain,Amazon announces update as supply chain remains in focus,Reuters sample
2026-05-26,BlackRock,BLK,Asset Management,regulation,BlackRock raises outlook as regulation remains in focus,Financial Times sample
2026-05-27,BlackRock,BLK,Asset Management,credit risk,BlackRock hosts investor day as credit risk remains in focus,Financial Times sample
2026-05-27,Nvidia,NVDA,Semiconductors,M&A,Nvidia record revenue as M&A remains in focus,Reuters sample
2026-05-27,Tesla,TSLA,Consumer Discretionary,interest rates,Tesla downgrade as interest rates remains in focus,Financial Times sample
2026-05-28,Nvidia,NVDA,Semiconductors,earnings,Nvidia strategic partnership as earnings remains in focus,Bloomberg-style sample
2026-05-28,Nvidia,NVDA,Semiconductors,earnings,Nvidia layoffs as earnings remains in focus,Financial Times sample
2026-05-28,Amazon,AMZN,Consumer Discretionary,regulation,Amazon beats expectations as regulation remains in focus,Reuters sample
2026-05-28,Amazon,AMZN,Consumer Discretionary,market volatility,Amazon comments on market conditions as market volatility remains in focus,Financial Times sample
2026-05-29,Tesla,TSLA,Consumer Discretionary,market volatility,Tesla margin expansion as market volatility remains in focus,Financial Times sample
2026-05-29,JPMorgan,JPM,Financials,supply chain,JPMorgan raises outlook as supply chain remains in focus,MarketWatch sample
2026-05-29,Tesla,TSLA,Consumer Discretionary,earnings,Tesla layoffs as earnings remains in focus,Reuters sample
2026-05-29,Goldman Sachs,GS,Financials,earnings,Goldman Sachs reviews strategy as earnings remains in focus,Reuters sample
2026-05-30,BlackRock,BLK,Asset Management,credit risk,BlackRock record revenue as credit risk remains in focus,MarketWatch sample
2026-05-30,Apple,AAPL,Technology,M&A,Apple regulatory probe as M&A remains in focus,Bloomberg-style sample
2026-05-30,Tesla,TSLA,Consumer Discretionary,earnings,Tesla raises outlook as earnings remains in focus,MarketWatch sample
2026-05-30,JPMorgan,JPM,Financials,credit risk,JPMorgan announces update as credit risk remains in focus,Financial Times sample
2026-05-30,Apple,AAPL,Technology,credit risk,Apple beats expectations as credit risk remains in focus,Reuters sample
2026-05-30,Microsoft,MSFT,Technology,credit risk,Microsoft record revenue as credit risk remains in focus,Bloomberg-style sample
2026-05-31,Nvidia,NVDA,Semiconductors,credit risk,Nvidia layoffs as credit risk remains in focus,Reuters sample
2026-06-01,Apple,AAPL,Technology,earnings,Apple strategic partnership as earnings remains in focus,Financial Times sample
2026-06-01,Microsoft,MSFT,Technology,earnings,Microsoft misses estimates as earnings remains in focus,Bloomberg-style sample
2026-06-02,Goldman Sachs,GS,Financials,regulation,Goldman Sachs downgrade as regulation remains in focus,Bloomberg-style sample
2026-06-02,Tesla,TSLA,Consumer Discretionary,AI,Tesla downgrade as AI remains in focus,MarketWatch sample
2026-06-02,BlackRock,BLK,Asset Management,regulation,BlackRock announces update as regulation remains in focus,Financial Times sample
2026-06-02,BlackRock,BLK,Asset Management,supply chain,BlackRock comments on market conditions as supply chain remains in focus,Bloomberg-style sample
2026-06-03,Nvidia,NVDA,Semiconductors,regulation,Nvidia strategic partnership as regulation remains in focus,Reuters sample
2026-06-03,Apple,AAPL,Technology,interest rates,Apple layoffs as interest rates remains in focus,Bloomberg-style sample
2026-06-03,Nvidia,NVDA,Semiconductors,earnings,Nvidia comments on market conditions as earnings remains in focus,Reuters sample
2026-06-03,Microsoft,MSFT,Technology,regulation,Microsoft misses estimates as regulation remains in focus,Bloomberg-style sample
2026-06-03,JPMorgan,JPM,Financials,supply chain,JPMorgan raises outlook as supply chain remains in focus,Financial Times sample
2026-06-03,Amazon,AMZN,Consumer Discretionary,market volatility,Amazon comments on market conditions as market volatility remains in focus,MarketWatch sample
2026-06-03,JPMorgan,JPM,Financials,regulation,JPMorgan comments on market conditions as regulation remains in focus,MarketWatch sample
2026-06-04,Apple,AAPL,Technology,market volatility,Apple weak guidance as market volatility remains in focus,Reuters sample
2026-06-04,Apple,AAPL,Technology,market volatility,Apple comments on market conditions as market volatility remains in focus,Financial Times sample
2026-06-04,Goldman Sachs,GS,Financials,earnings,Goldman Sachs beats expectations as earnings remains in focus,Reuters sample
2026-06-04,Nvidia,NVDA,Semiconductors,earnings,Nvidia reviews strategy as earnings remains in focus,MarketWatch sample
2026-06-04,Microsoft,MSFT,Technology,earnings,Microsoft strong demand as earnings remains in focus,MarketWatch sample
2026-06-05,Tesla,TSLA,Consumer Discretionary,credit risk,Tesla announces update as credit risk remains in focus,Bloomberg-style sample
2026-06-07,Apple,AAPL,Technology,supply chain,Apple layoffs as supply chain remains in focus,Financial Times sample
2026-06-07,Apple,AAPL,Technology,supply chain,Apple strategic partnership as supply chain remains in focus,Financial Times sample
2026-06-07,Microsoft,MSFT,Technology,interest rates,Microsoft raises outlook as interest rates remains in focus,Financial Times sample
2026-06-07,Nvidia,NVDA,Semiconductors,supply chain,Nvidia strategic partnership as supply chain remains in focus,Financial Times sample
2026-06-07,Apple,AAPL,Technology,supply chain,Apple strategic partnership as supply chain remains in focus,Reuters sample
2026-06-08,BlackRock,BLK,Asset Management,market volatility,BlackRock record revenue as market volatility remains in focus,Reuters sample
2026-06-08,Goldman Sachs,GS,Financials,market volatility,Goldman Sachs strategic partnership as market volatility remains in focus,Financial Times sample
2026-06-08,Apple,AAPL,Technology,market volatility,Apple weak guidance as market volatility remains in focus,MarketWatch sample
2026-06-08,Apple,AAPL,Technology,AI,Apple weak guidance as AI remains in focus,MarketWatch sample
2026-06-08,Amazon,AMZN,Consumer Discretionary,regulation,Amazon strong demand as regulation remains in focus,Financial Times sample
2026-06-09,Apple,AAPL,Technology,credit risk,Apple beats expectations as credit risk remains in focus,Financial Times sample
2026-06-09,Nvidia,NVDA,Semiconductors,supply chain,Nvidia record revenue as supply chain remains in focus,Reuters sample
2026-06-09,Apple,AAPL,Technology,supply chain,Apple reviews strategy as supply chain remains in focus,Bloomberg-style sample
2026-06-10,BlackRock,BLK,Asset Management,AI,BlackRock releases report as AI remains in focus,Bloomberg-style sample
2026-06-10,Amazon,AMZN,Consumer Discretionary,credit risk,Amazon regulatory probe as credit risk remains in focus,Bloomberg-style sample
2026-06-12,Amazon,AMZN,Consumer Discretionary,market volatility,Amazon reviews strategy as market volatility remains in focus,Reuters sample
2026-06-12,JPMorgan,JPM,Financials,market volatility,JPMorgan regulatory probe as market volatility remains in focus,Reuters sample
2026-06-12,Tesla,TSLA,Consumer Discretionary,supply chain,Tesla hosts investor day as supply chain remains in focus,MarketWatch sample
2026-06-12,Microsoft,MSFT,Technology,credit risk,Microsoft margin expansion as credit risk remains in focus,MarketWatch sample
2026-06-13,BlackRock,BLK,Asset Management,market volatility,BlackRock weak guidance as market volatility remains in focus,MarketWatch sample
2026-06-13,BlackRock,BLK,Asset Management,interest rates,BlackRock record revenue as interest rates remains in focus,Reuters sample
2026-06-13,Amazon,AMZN,Consumer Discretionary,earnings,Amazon hosts investor day as earnings remains in focus,MarketWatch sample
2026-06-13,Tesla,TSLA,Consumer Discretionary,regulation,Tesla margin pressure as regulation remains in focus,Reuters sample
2026-06-13,JPMorgan,JPM,Financials,supply chain,JPMorgan comments on market conditions as supply chain remains in focus,Bloomberg-style sample
2026-06-14,Apple,AAPL,Technology,AI,Apple comments on market conditions as AI remains in focus,Reuters sample
2026-06-14,Microsoft,MSFT,Technology,AI,Microsoft regulatory probe as AI remains in focus,Financial Times sample
2026-06-15,Amazon,AMZN,Consumer Discretionary,M&A,Amazon reviews strategy as M&A remains in focus,Financial Times sample
2026-06-15,Microsoft,MSFT,Technology,market volatility,Microsoft beats expectations as market volatility remains in focus,MarketWatch sample
2026-06-15,Amazon,AMZN,Consumer Discretionary,interest rates,Amazon margin expansion as interest rates remains in focus,Bloomberg-style sample
2026-06-16,BlackRock,BLK,Asset Management,M&A,BlackRock beats expectations as M&A remains in focus,Financial Times sample
2026-06-16,Nvidia,NVDA,Semiconductors,earnings,Nvidia releases report as earnings remains in focus,Reuters sample
2026-06-16,Amazon,AMZN,Consumer Discretionary,regulation,Amazon margin expansion as regulation remains in focus,Bloomberg-style sample
2026-06-16,Goldman Sachs,GS,Financials,earnings,Goldman Sachs strategic partnership as earnings remains in focus,Reuters sample
2026-06-16,Tesla,TSLA,Consumer Discretionary,credit risk,Tesla strategic partnership as credit risk remains in focus,Bloomberg-style sample
2026-06-17,Amazon,AMZN,Consumer Discretionary,M&A,Amazon beats expectations as M&A remains in focus,Bloomberg-style sample
2026-06-17,Nvidia,NVDA,Semiconductors,regulation,Nvidia announces update as regulation remains in focus,MarketWatch sample
2026-06-17,Goldman Sachs,GS,Financials,market volatility,Goldman Sachs regulatory probe as market volatility remains in focus,Financial Times sample
2026-06-18,Goldman Sachs,GS,Financials,regulation,Goldman Sachs announces update as regulation remains in focus,Reuters sample
2026-06-18,Goldman Sachs,GS,Financials,M&A,Goldman Sachs beats expectations as M&A remains in focus,Bloomberg-style sample
2026-06-18,JPMorgan,JPM,Financials,supply chain,JPMorgan margin pressure as supply chain remains in focus,MarketWatch sample
2026-06-18,Amazon,AMZN,Consumer Discretionary,interest rates,Amazon weak guidance as interest rates remains in focus,Reuters sample
2026-06-18,Nvidia,NVDA,Semiconductors,supply chain,Nvidia regulatory probe as supply chain remains in focus,Financial Times sample
2026-06-18,Nvidia,NVDA,Semiconductors,M&A,Nvidia comments on market conditions as M&A remains in focus,Financial Times sample
2026-06-18,JPMorgan,JPM,Financials,credit risk,JPMorgan misses estimates as credit risk remains in focus,Reuters sample
2026-06-19,Amazon,AMZN,Consumer Discretionary,regulation,Amazon beats expectations as regulation remains in focus,Reuters sample
2026-06-19,Apple,AAPL,Technology,AI,Apple beats expectations as AI remains in focus,Bloomberg-style sample
2026-06-19,Microsoft,MSFT,Technology,supply chain,Microsoft beats expectations as supply chain remains in focus,Financial Times sample
2026-06-20,JPMorgan,JPM,Financials,regulation,JPMorgan strong demand as regulation remains in focus,Bloomberg-style sample
2026-06-20,JPMorgan,JPM,Financials,regulation,JPMorgan margin pressure as regulation remains in focus,Financial Times sample
2026-06-20,Nvidia,NVDA,Semiconductors,supply chain,Nvidia record revenue as supply chain remains in focus,Financial Times sample
2026-06-20,Apple,AAPL,Technology,regulation,Apple record revenue as regulation remains in focus,Financial Times sample
2026-06-21,BlackRock,BLK,Asset Management,M&A,BlackRock downgrade as M&A remains in focus,MarketWatch sample
2026-06-21,BlackRock,BLK,Asset Management,supply chain,BlackRock strategic partnership as supply chain remains in focus,Bloomberg-style sample
2026-06-21,Goldman Sachs,GS,Financials,supply chain,Goldman Sachs strong demand as supply chain remains in focus,MarketWatch sample
2026-06-21,Apple,AAPL,Technology,supply chain,Apple strong demand as supply chain remains in focus,Reuters sample
2026-06-21,Amazon,AMZN,Consumer Discretionary,credit risk,Amazon beats expectations as credit risk remains in focus,Bloomberg-style sample
2026-06-22,Nvidia,NVDA,Semiconductors,interest rates,Nvidia strategic partnership as interest rates remains in focus,Bloomberg-style sample
2026-06-22,Amazon,AMZN,Consumer Discretionary,credit risk,Amazon margin expansion as credit risk remains in focus,Reuters sample
2026-06-23,BlackRock,BLK,Asset Management,M&A,BlackRock regulatory probe as M&A remains in focus,Bloomberg-style sample
2026-06-23,Microsoft,MSFT,Technology,credit risk,Microsoft strong demand as credit risk remains in focus,MarketWatch sample
2026-06-23,Apple,AAPL,Technology,market volatility,Apple reviews strategy as market volatility remains in focus,Reuters sample
2026-06-23,Amazon,AMZN,Consumer Discretionary,M&A,Amazon weak guidance as M&A remains in focus,Financial Times sample
2026-06-24,Amazon,AMZN,Consumer Discretionary,regulation,Amazon downgrade as regulation remains in focus,Bloomberg-style sample
2026-06-24,BlackRock,BLK,Asset Management,M&A,BlackRock hosts investor day as M&A remains in focus,Reuters sample
2026-06-24,Tesla,TSLA,Consumer Discretionary,interest rates,Tesla raises outlook as interest rates remains in focus,MarketWatch sample
2026-06-24,JPMorgan,JPM,Financials,credit risk,JPMorgan record revenue as credit risk remains in focus,MarketWatch sample
2026-06-24,Apple,AAPL,Technology,M&A,Apple downgrade as M&A remains in focus,Financial Times sample
2026-06-24,BlackRock,BLK,Asset Management,AI,BlackRock margin expansion as AI remains in focus,MarketWatch sample
2026-06-25,Microsoft,MSFT,Technology,interest rates,Microsoft releases report as interest rates remains in focus,Reuters sample
2026-06-26,BlackRock,BLK,Asset Management,credit risk,BlackRock margin expansion as credit risk remains in focus,Reuters sample
2026-06-26,Tesla,TSLA,Consumer Discretionary,market volatility,Tesla hosts investor day as market volatility remains in focus,MarketWatch sample
2026-06-27,JPMorgan,JPM,Financials,credit risk,JPMorgan strategic partnership as credit risk remains in focus,Bloomberg-style sample
2026-06-27,Microsoft,MSFT,Technology,interest rates,Microsoft announces update as interest rates remains in focus,MarketWatch sample
2026-06-27,Microsoft,MSFT,Technology,credit risk,Microsoft announces update as credit risk remains in focus,Financial Times sample
2026-06-27,Nvidia,NVDA,Semiconductors,market volatility,Nvidia margin pressure as market volatility remains in focus,Financial Times sample
2026-06-27,Nvidia,NVDA,Semiconductors,supply chain,Nvidia regulatory probe as supply chain remains in focus,MarketWatch sample
2026-06-28,Goldman Sachs,GS,Financials,earnings,Goldman Sachs downgrade as earnings remains in focus,Reuters sample
2026-06-28,Nvidia,NVDA,Semiconductors,regulation,Nvidia margin pressure as regulation remains in focus,Reuters sample
2026-06-28,Amazon,AMZN,Consumer Discretionary,credit risk,Amazon misses estimates as credit risk remains in focus,Reuters sample
2026-06-28,Goldman Sachs,GS,Financials,market volatility,Goldman Sachs announces update as market volatility remains in focus,Bloomberg-style sample
2026-06-28,Goldman Sachs,GS,Financials,market volatility,Goldman Sachs releases report as market volatility remains in focus,Reuters sample
2026-06-28,Microsoft,MSFT,Technology,earnings,Microsoft beats expectations as earnings remains in focus,Reuters sample
2026-06-29,Goldman Sachs,GS,Financials,earnings,Goldman Sachs strong demand as earnings remains in focus,MarketWatch sample
2026-06-29,Goldman Sachs,GS,Financials,AI,Goldman Sachs announces update as AI remains in focus,MarketWatch sample
2026-06-29,JPMorgan,JPM,Financials,credit risk,JPMorgan releases report as credit risk remains in focus,Bloomberg-style sample
